District ID,District Name,County,Superintendent,Student Enrollment,Ever English Learners,Languages Spoken,Students with Disabilities,Free/Reduced Priced Lunch,Mobile Students,Administrators,Teachers,Educational Assistants,Counselors,Licensed Librarians,Psychologists,Experienced Teachers,K-2 Regular Attenders,Oregon K-2 Regular Attenders Average,Grade 3 ELA,Oregon Grade 3 ELA Average,Grade 8 Mathematics,Oregon Grade 8 Math Average,On-Track to Graduate,Oregon On-Track to Graduate Average,On-Time Graduation 2020-21,Oregon On-Time Graduation 2020-21 Average
2063,Adel SD 21,Lake,Jack Thompson,5,*,1,*,*,*,<1,1,1,0,0,0,100%,*,65%,*,40%,*,27%,*,83%,100%,81%
2113,Adrian SD 61,Malheur,Nick Ketterling,256,15%,2,15%,>95%,6%,2,20,9,1,0,0,86%,72%,65%,65%,40%,29%,27%,>95%,83%,100%,81%
1899,Alsea SD 7J,Benton,Sean Gallagher,929,<5%,8,16%,39%,63%,5,34,36,0,0,0,62%,61%,65%,39%,40%,*,27%,36%,83%,47%,81%
2252,Amity SD 4J,Yamhill,Jeff Clark,771,10%,4,15%,31%,14%,6,52,13,1,<1,0,82%,56%,65%,29%,40%,15%,27%,81%,83%,82%,81%
2111,Annex SD 29,Malheur,Steve Bishop,110,*,2,13%,>95%,17%,1,8,7,0,0,0,100%,45%,65%,*,40%,<5%,27%,*,83%,0%,81%
2005,Arlington SD 3,Gilliam,Larry Johnson,154,*,2,8%,>95%,10%,1,15,0,0,0,0,47%,57%,65%,23%,40%,25%,27%,90%,83%,77%,81%
2115,Arock SD 81,Malheur,Vicki McConnell,13,*,2,*,*,*,0,2,3,0,0,0,100%,*,65%,*,40%,*,27%,*,83%,*,81%
2041,Ashland SD 5,Jackson,Samuel Bogdanove,2463,<5%,17,14%,>95%,14%,13,171,78,13,2,1,70%,74%,65%,60%,40%,49%,27%,92%,83%,91%,81%
2051,Ashwood SD 8,Jefferson,Melanie Friend,9,*,1,*,*,*,0,1,0,0,0,0,100%,*,65%,*,40%,*,27%,*,83%,100%,81%
1933,Astoria SD 1,Clatsop,Craig Hoppes,1755,11%,22,16%,38%,13%,8,116,68,9,0,1,79%,58%,65%,38%,40%,21%,27%,85%,83%,83%,81%
2208,Athena-Weston SD 29RJ,Umatilla,Ann Vescio,555,*,4,16%,25%,14%,4,42,12,2,0,0,82%,60%,65%,28%,40%,20%,27%,90%,83%,83%,81%
1894,Baker SD 5J,Baker,Erin Lair,4574,<5%,13,9%,37%,22%,21,213,49,21,0,1,82%,74%,65%,46%,40%,37%,27%,81%,83%,78%,81%
1969,Bandon SD 54,Coos,Shauna Schmerer,619,*,3,14%,>95%,18%,4,36,26,0,0,0,92%,66%,65%,41%,40%,18%,27%,75%,83%,82%,81%
2240,Banks SD 13,Washington,Brian Sica,1019,5%,9,14%,26%,11%,6,59,15,2,0,<1,83%,50%,65%,37%,40%,20%,27%,93%,83%,92%,81%
2243,Beaverton SD 48J,Washington,Gustavo Balderas,38975,27%,97,12%,39%,15%,117,2139,445,185,3,42,88%,75%,65%,54%,40%,39%,27%,89%,83%,88%,81%
1976,Bend-LaPine Administrative SD 1,Deschutes,Steven Cook,17151,8%,30,11%,>95%,15%,69,916,219,63,6,15,87%,60%,65%,53%,40%,36%,27%,91%,83%,82%,81%
2088,Bethel SD 52,Lane,Kraig Sproles,5164,13%,18,19%,85%,15%,23,309,157,17,0,2,73%,72%,65%,29%,40%,15%,27%,78%,83%,84%,81%
2095,Blachly SD 90,Lane,Adam Watkins,340,*,2,11%,26%,21%,2,17,5,1,0,0,56%,67%,65%,29%,40%,<5%,27%,75%,83%,80%,81%
2052,Black Butte SD 41,Jefferson,Kirstin Anglea,21,*,1,*,*,*,<1,4,0,0,0,0,75%,*,65%,*,40%,*,27%,*,83%,50%,81%
1974,Brookings-Harbor SD 17C,Curry,David Marshall,1361,5%,8,17%,>95%,18%,8,79,26,4,0,0,71%,51%,65%,34%,40%,8%,27%,63%,83%,78%,81%
1896,Burnt River SD 30J,Baker,Louise Lyon,30,*,1,*,50%,46%,<1,4,0,0,0,0,100%,*,65%,*,40%,*,27%,*,83%,71%,81%
2046,Butte Falls SD 91,Jackson,Phil Long,188,*,1,23%,>95%,27%,<1,17,8,0,0,0,81%,61%,65%,*,40%,*,27%,75%,83%,64%,81%
1995,Camas Valley SD 21J,Douglas,Don Wonsley,218,*,2,19%,47%,11%,2,21,6,0,0,0,72%,39%,65%,27%,40%,32%,27%,89%,83%,79%,81%
1929,Canby SD 86,Clackamas,Aaron Downs,4110,25%,23,14%,32%,13%,15,251,81,10,1,4,82%,68%,65%,39%,40%,27%,27%,88%,83%,80%,81%
2139,Cascade SD 5,Marion,Darin Drill,2537,9%,12,16%,34%,14%,15,137,57,8,1,0,75%,69%,65%,50%,40%,16%,27%,90%,83%,84%,81%
2185,Centennial SD 28J,Multnomah,James Owens,5472,41%,62,14%,59%,17%,21,280,78,11,<1,5,83%,54%,65%,28%,40%,24%,27%,73%,83%,74%,81%
1972,Central Curry SD 1,Curry,Eric Milburn,423,*,2,10%,>95%,19%,3,29,11,2,0,0,75%,47%,65%,46%,40%,19%,27%,82%,83%,77%,81%
2105,Central Linn SD 552,Linn,Candace Pelt,540,6%,3,16%,94%,17%,4,38,4,1,0,<1,70%,51%,65%,29%,40%,11%,27%,80%,83%,83%,81%
2042,Central Point SD 6,Jackson,Walt Davenport,4624,8%,15,15%,72%,15%,17,189,126,2,0,3,84%,70%,65%,27%,40%,19%,27%,71%,83%,78%,81%
2191,Central SD 13J,Polk,Jennifer Kubista,3154,29%,13,12%,48%,16%,15,167,75,6,0,0,73%,57%,65%,24%,40%,16%,27%,75%,83%,85%,81%
1945,Clatskanie SD 6J,Columbia,Cathy Hurowitz,675,<5%,5,20%,>95%,17%,3,40,25,0,0,1,71%,66%,65%,43%,40%,14%,27%,74%,83%,67%,81%
1927,Colton SD 53,Clackamas,Dave Kline,458,*,9,16%,28%,14%,4,36,11,0,0,0,73%,51%,65%,41%,40%,19%,27%,74%,83%,98%,81%
2006,Condon SD 25J,Gilliam,Brian Schimel,129,*,2,9%,>95%,8%,2,11,4,0,0,0,69%,70%,65%,10%,40%,40%,27%,93%,83%,92%,81%
1965,Coos Bay SD 9,Coos,Charis McGaughy,3015,<5%,16,16%,>95%,21%,12,164,56,6,1,4,76%,42%,65%,27%,40%,16%,27%,89%,83%,66%,81%
1964,Coquille SD 8,Coos,Wayne Gallagher,1287,<5%,3,15%,>95%,26%,9,67,38,3,0,0,68%,50%,65%,26%,40%,17%,27%,50%,83%,52%,81%
2186,Corbett SD 39,Multnomah,Derek Fialkiewicz,1029,5%,16,17%,>95%,8%,6,56,16,2,0,0,77%,58%,65%,45%,40%,26%,27%,>95%,83%,91%,81%
1901,Corvallis SD 509J,Benton,Ryan Noss,6337,14%,57,12%,32%,12%,26,354,165,19,1,3,75%,72%,65%,43%,40%,39%,27%,90%,83%,88%,81%
2216,Cove SD 15,Union,Earl Pettit,313,*,3,13%,14%,6%,2,19,6,0,0,0,80%,63%,65%,25%,40%,63%,27%,>95%,83%,86%,81%
2086,Creswell SD 40,Lane,Michael Johnson,1114,6%,5,17%,44%,14%,7,64,26,3,0,0,73%,70%,65%,35%,40%,29%,27%,94%,83%,83%,81%
1970,Crook County SD,Crook,Sara Johnson,3128,8%,18,15%,95%,17%,17,181,58,6,0,<1,76%,56%,65%,41%,40%,27%,27%,93%,83%,89%,81%
2089,Crow-Applegate-Lorane SD 66,Lane,Heidi Brown,250,*,2,13%,38%,20%,2,18,6,0,0,0,95%,41%,65%,29%,40%,43%,27%,*,83%,77%,81%
2050,Culver SD 4,Jefferson,Stefanie Garber,658,19%,2,16%,69%,15%,4,45,15,3,0,<1,64%,59%,65%,41%,40%,<5%,27%,93%,83%,92%,81%
2190,Dallas SD 2,Polk,Steve Spencer,3021,<5%,8,16%,26%,20%,13,185,109,5,2,2,76%,48%,65%,30%,40%,15%,27%,74%,83%,81%,81%
2187,David Douglas SD 40,Multnomah,Ken Richardson,8612,43%,64,13%,>95%,18%,30,502,188,26,0,4,83%,66%,65%,31%,40%,33%,27%,76%,83%,72%,81%
2253,Dayton SD 8,Yamhill,Steven Sugg,887,27%,5,13%,>95%,13%,5,54,19,3,0,0,72%,46%,65%,9%,40%,12%,27%,89%,83%,79%,81%
2011,Dayville SD 16J,Grant,Davida Irving,54,*,1,*,>95%,27%,1,6,1,0,0,0,75%,83%,65%,*,40%,*,27%,*,83%,100%,81%
2017,Diamond SD 7,Harney,Shannon Criss,11,*,1,*,*,*,0,1,1,0,0,0,0%,*,65%,*,40%,*,27%,*,83%,*,81%
2021,Double O SD 28,Harney,Karla Neuschwander,,*,*,*,*,*,0,1,0,0,0,0,100%,*,,*,40%,*,27%,*,83%,*,81%
1993,Douglas County SD 15,Douglas,Steve Woods,213,*,2,19%,>95%,19%,2,19,6,<1,0,0,64%,60%,65%,17%,40%,10%,27%,88%,83%,82%,81%
1991,Douglas County SD 4,Douglas,Jared Cordon,5539,<5%,21,14%,>95%,19%,22,343,139,19,1,4,76%,56%,65%,36%,40%,31%,27%,80%,83%,69%,81%
2019,Drewsey SD 13,Harney,Jodi Miller,14,*,1,*,*,*,0,1,<1,0,0,0,100%,*,65%,*,40%,*,27%,*,83%,*,81%
2229,Dufur SD 29,Wasco,Jack Henderson,352,*,4,20%,>95%,8%,2,22,10,1,0,0,95%,61%,65%,72%,40%,*,27%,89%,83%,89%,81%
2043,Eagle Point SD 9,Jackson,Andrew Kovach,4173,18%,24,15%,>95%,20%,17,207,117,4,1,2,71%,75%,65%,23%,40%,14%,27%,73%,83%,81%,81%
2203,Echo SD 5,Umatilla,Raymon Smith,297,<5%,4,14%,37%,7%,2,21,8,1,0,0,82%,74%,65%,28%,40%,19%,27%,>95%,83%,94%,81%
2217,Elgin SD 23,Union,Dianne Greif,390,*,7,16%,74%,17%,2,33,7,0,0,0,71%,60%,65%,19%,40%,7%,27%,91%,83%,71%,81%
1998,Elkton SD 34,Douglas,Andy Boe,214,*,5,12%,47%,19%,2,18,3,0,0,0,85%,44%,65%,55%,40%,31%,27%,>95%,83%,96%,81%
2221,Enterprise SD 21,Wallowa,Thomas Crane,397,*,4,18%,>95%,14%,2,30,11,0,0,0,86%,70%,65%,34%,40%,42%,27%,93%,83%,96%,81%
1930,Estacada SD 108,Clackamas,Ryan Carpenter,3040,10%,24,12%,66%,17%,11,128,30,7,0,2,68%,74%,65%,40%,40%,15%,27%,74%,83%,87%,81%
2082,Eugene SD 4J,Lane,Andy Dey,16291,7%,48,14%,43%,14%,64,900,341,46,4,15,78%,73%,65%,48%,40%,35%,27%,85%,83%,79%,81%
2193,Falls City SD 57,Polk,Cory Ellis,168,*,2,19%,>95%,22%,2,19,10,1,0,0,79%,<5%,65%,15%,40%,<5%,27%,77%,83%,76%,81%
2084,Fern Ridge SD 28J,Lane,Gary Carpenter,1350,<5%,3,19%,>95%,19%,10,79,32,5,0,0,78%,38%,65%,43%,40%,23%,27%,72%,83%,78%,81%
2241,Forest Grove SD 15,Washington,David Parker,5711,36%,52,16%,54%,14%,21,329,173,25,0,6,80%,64%,65%,29%,40%,12%,27%,80%,83%,79%,81%
2248,Fossil SD 21J,Wheeler,Jon McMurray,1432,*,3,9%,28%,11%,1,37,4,0,0,0,84%,92%,65%,62%,40%,49%,27%,*,83%,0%,81%
2020,Frenchglen SD 16,Harney,Carolyn Koskela,8,*,1,*,*,*,0,1,0,0,0,0,100%,*,65%,*,40%,*,27%,*,83%,*,81%
2245,Gaston SD 511J,Washington,Summer Catino,489,<5%,3,17%,24%,9%,4,36,13,2,0,0,59%,66%,65%,41%,40%,6%,27%,78%,83%,94%,81%
2137,Gervais SD 1,Marion,Dandy Stevens,1302,39%,10,16%,78%,21%,8,89,30,5,0,1,80%,68%,65%,23%,40%,25%,27%,72%,83%,81%,81%
1931,Gladstone SD 115,Clackamas,Bob Stewart,1698,10%,22,16%,>95%,14%,10,103,11,6,1,2,81%,61%,65%,52%,40%,20%,27%,82%,83%,86%,81%
2000,Glendale SD 77,Douglas,Bridget McMillen,261,*,4,19%,>95%,37%,3,19,10,1,0,0,42%,24%,65%,37%,40%,18%,27%,83%,83%,83%,81%
1992,Glide SD 12,Douglas,Patrick Mayer,676,*,6,17%,>95%,14%,5,44,20,1,0,0,73%,59%,65%,43%,40%,16%,27%,89%,83%,91%,81%
2054,Grants Pass SD 7,Josephine,Tim Sweeney,5413,<5%,21,15%,>95%,19%,23,306,151,13,1,1,82%,73%,65%,34%,40%,28%,27%,76%,83%,77%,81%
2100,Greater Albany Public SD 8J,Linn,Andy Gardner,8896,14%,28,15%,45%,16%,34,504,230,24,4,3,72%,61%,65%,38%,40%,21%,27%,74%,83%,80%,81%
2183,Gresham-Barlow SD 10J,Multnomah,James Hiu,11285,24%,76,14%,46%,18%,42,587,177,37,1,8,71%,67%,65%,29%,40%,19%,27%,79%,83%,74%,81%
2014,Harney County SD 3,Harney,Robert Medley,735,*,8,15%,>95%,17%,5,45,20,2,1,0,70%,65%,65%,28%,40%,25%,27%,73%,83%,86%,81%
2015,Harney County SD 4,Harney,Matthew Hawley,920,*,2,12%,8%,15%,2,41,<1,0,0,0,77%,84%,65%,39%,40%,10%,27%,69%,83%,56%,81%
2023,Harney County Union High SD 1J,Harney,Matthew Hawley,972,*,3,<5%,12%,26%,3,33,2,0,0,0,89%,94%,65%,55%,40%,31%,27%,88%,83%,97%,81%
2114,Harper SD 66,Malheur,Ron Talbot,242,*,2,13%,>95%,25%,1,10,7,0,0,0,100%,71%,65%,64%,40%,25%,27%,93%,83%,94%,81%
2099,Harrisburg SD 7J,Linn,Bryan Starr,746,6%,7,14%,50%,15%,4,53,21,3,0,<1,69%,63%,65%,50%,40%,12%,27%,71%,83%,86%,81%
2201,Helix SD 1,Umatilla,Brad Bixler,160,*,1,9%,25%,18%,1,16,4,1,0,0,76%,69%,65%,50%,40%,24%,27%,>95%,83%,100%,81%
2206,Hermiston SD 8,Umatilla,Tricia Mooney,5382,38%,20,14%,>95%,16%,18,309,82,12,1,2,64%,55%,65%,33%,40%,23%,27%,89%,83%,88%,81%
2239,Hillsboro SD 1J,Washington,Mike Scott,18784,33%,148,16%,>95%,15%,63,1015,415,70,1,10,79%,72%,65%,36%,40%,24%,27%,92%,83%,83%,81%
2024,Hood River County SD,Hood River,Rich Polkinghorn,3864,36%,4,14%,53%,13%,20,242,87,17,<1,2,82%,71%,65%,43%,40%,28%,27%,90%,83%,91%,81%
1895,Huntington SD 16J,Baker,Scott Bullock,91,*,1,11%,>95%,35%,1,10,2,0,0,0,80%,50%,65%,*,40%,*,27%,35%,83%,60%,81%
2215,Imbler SD 11,Union,Randy Waite,289,*,3,13%,29%,10%,2,22,3,0,0,0,86%,70%,65%,44%,40%,32%,27%,>95%,83%,100%,81%
3997,Ione SD R2,Morrow,Kevin Dinning,120,18%,2,18%,44%,15%,2,14,5,0,0,0,80%,55%,65%,*,40%,<5%,27%,*,83%,100%,81%
2053,Jefferson County SD 509J,Jefferson,Jay Mathisen,2722,37%,6,19%,>95%,19%,16,188,81,9,0,0,65%,43%,65%,28%,40%,20%,27%,82%,83%,85%,81%
2140,Jefferson SD 14J,Marion,Brad Capener,758,17%,5,16%,48%,17%,6,39,15,3,1,0,75%,72%,65%,32%,40%,<5%,27%,88%,83%,88%,81%
1934,Jewell SD 8,Clatsop,Cory Pederson,138,*,4,20%,39%,20%,2,17,5,1,0,<1,65%,54%,65%,*,40%,30%,27%,>95%,83%,100%,81%
2008,John Day SD 3,Grant,Louis Dix,481,*,3,17%,>95%,16%,5,38,10,0,0,0,63%,69%,65%,54%,40%,18%,27%,90%,83%,91%,81%
2107,Jordan Valley SD 3,Malheur,Rusty Bengoa,61,*,1,*,75%,*,<1,9,3,0,0,0,67%,64%,65%,*,40%,*,27%,*,83%,100%,81%
2219,Joseph SD 6,Wallowa,Lance Homan,278,*,1,17%,>95%,13%,2,22,3,<1,0,0,95%,60%,65%,63%,40%,21%,27%,>95%,83%,92%,81%
2091,Junction City SD 69,Lane,Troy Stoops,1568,7%,3,16%,>95%,16%,9,93,40,6,0,2,76%,64%,65%,44%,40%,26%,27%,78%,83%,83%,81%
2109,Juntura SD 12,Malheur,Mark Redmond,4,*,1,*,*,*,0,1,1,0,0,0,0%,*,65%,*,40%,*,27%,*,83%,*,81%
2057,Klamath County SD,Klamath,Glen Syzmoniak,6917,10%,17,16%,>95%,19%,39,366,109,13,0,0,79%,60%,65%,36%,40%,14%,27%,80%,83%,78%,81%
2056,Klamath Falls City Schools,Klamath,Keith Brown,2636,8%,18,18%,>95%,27%,14,148,80,3,0,0,80%,48%,65%,24%,40%,23%,27%,60%,83%,74%,81%
2262,Knappa SD 4,Clatsop,William Fritz,475,*,6,21%,25%,14%,3,33,13,2,0,0,82%,54%,65%,9%,40%,7%,27%,62%,83%,83%,81%
2212,La Grande SD 1,Union,George Mendoza,1969,5%,25,20%,32%,18%,11,126,54,8,1,0,79%,63%,65%,34%,40%,23%,27%,61%,83%,86%,81%
2059,Lake County SD 7,Lake,Michael Carter,745,11%,5,17%,>95%,13%,6,54,17,1,0,<1,65%,51%,65%,53%,40%,29%,27%,82%,83%,89%,81%
1923,Lake Oswego SD 7J,Clackamas,Jennifer Schiele,6858,6%,68,11%,>95%,9%,25,373,146,20,2,6,84%,81%,65%,76%,40%,63%,27%,>95%,83%,97%,81%
2101,Lebanon Community SD 9,Linn,Bo Yates,3960,<5%,14,17%,>95%,18%,18,235,146,13,0,2,70%,66%,65%,39%,40%,18%,27%,82%,83%,77%,81%
2097,Lincoln County SD,Lincoln,Karen Gray,5087,14%,24,15%,>95%,17%,32,304,90,14,0,5,67%,53%,65%,35%,40%,17%,27%,>95%,83%,58%,81%
2012,Long Creek SD 17,Grant,Larry Glaze,26,*,1,*,>95%,39%,0,5,2,0,0,0,100%,*,65%,*,40%,*,27%,*,83%,83%,81%
2092,Lowell SD 71,Lane,Johnie Matthews,1098,<5%,4,11%,26%,23%,7,58,14,1,0,0,67%,53%,65%,41%,40%,21%,27%,86%,83%,86%,81%
2085,Mapleton SD 32,Lane,Sue Wilson,129,*,2,20%,>95%,22%,2,11,6,0,1,0,88%,29%,65%,*,40%,*,27%,50%,83%,53%,81%
2094,Marcola SD 79J,Lane,Terry Augustadt,779,*,3,11%,15%,16%,6,40,11,2,0,0,93%,77%,65%,50%,40%,29%,27%,74%,83%,71%,81%
2090,McKenzie SD 68,Lane,Nathaniel Tompkins,167,*,1,19%,94%,15%,2,18,6,0,0,0,76%,60%,65%,47%,40%,43%,27%,71%,83%,69%,81%
2256,McMinnville SD 40,Yamhill,Debbie Brockett,6328,29%,8,14%,75%,14%,20,380,198,17,3,4,89%,64%,65%,41%,40%,44%,27%,89%,83%,93%,81%
2048,Medford SD 549C,Jackson,Bret Champion,13796,15%,45,17%,>95%,19%,63,699,268,8,5,0,74%,68%,65%,38%,40%,27%,27%,75%,83%,82%,81%
2205,Milton-Freewater Unified SD 7,Umatilla,Aaron Duff,1557,47%,6,16%,>95%,17%,10,104,72,1,1,0,73%,50%,65%,20%,40%,15%,27%,77%,83%,75%,81%
2249,Mitchell SD 55,Wheeler,Vince Swagerty,1239,9%,19,15%,83%,50%,5,60,0,2,0,0,37%,55%,65%,38%,40%,19%,27%,35%,83%,40%,81%
1925,Molalla River SD 35,Clackamas,Tony Mann,2447,14%,18,15%,21%,18%,13,153,44,8,1,1,71%,61%,65%,37%,40%,19%,27%,76%,83%,87%,81%
1898,Monroe SD 1J,Benton,Bill Crowson,367,18%,3,13%,>95%,14%,3,28,10,2,0,<1,72%,64%,65%,79%,40%,24%,27%,>95%,83%,84%,81%
2010,Monument SD 8,Grant,Laura Thomas,56,*,2,*,>95%,17%,1,7,1,0,0,0,75%,13%,65%,*,40%,*,27%,*,83%,100%,81%
2147,Morrow SD 1,Morrow,Matt Combe,2276,44%,8,16%,28%,16%,13,140,67,7,0,0,64%,51%,65%,29%,40%,13%,27%,91%,83%,96%,81%
2145,Mt Angel SD 91,Marion,Rachel Stucky,628,30%,9,14%,48%,12%,5,40,9,0,0,0,79%,64%,65%,39%,40%,25%,27%,84%,83%,77%,81%
1968,Myrtle Point SD 41,Coos,Kathleen Stauff,441,*,2,18%,>95%,22%,5,33,14,1,0,0,61%,57%,65%,32%,40%,7%,27%,83%,83%,94%,81%
2198,Neah-Kah-Nie SD 56,Tillamook,Paul Erlebach,691,8%,8,15%,31%,19%,6,48,34,5,1,1,91%,42%,65%,45%,40%,27%,27%,73%,83%,86%,81%
2199,Nestucca Valley SD 101J,Tillamook,Misty Wharton,480,15%,3,16%,>95%,15%,3,31,14,2,0,0,75%,39%,65%,25%,40%,13%,27%,91%,83%,78%,81%
2254,Newberg SD 29J,Yamhill,Stephen Phillips,4227,15%,39,16%,>95%,12%,19,261,77,19,1,4,80%,74%,65%,52%,40%,35%,27%,74%,83%,87%,81%
1966,North Bend SD 13,Coos,Kevin Bogatin,3882,5%,18,16%,58%,20%,14,229,67,6,1,2,79%,57%,65%,46%,40%,19%,27%,62%,83%,61%,81%
1924,North Clackamas SD 12,Clackamas,Shay James,16293,23%,77,17%,26%,14%,58,858,245,49,5,13,78%,70%,65%,43%,40%,24%,27%,87%,83%,88%,81%
1996,North Douglas SD 22,Douglas,Jody Cyr,335,<5%,4,21%,42%,19%,3,26,9,<1,0,0,80%,50%,65%,33%,40%,24%,27%,67%,83%,73%,81%
2061,North Lake SD 14,Lake,Gail Buermann,253,*,2,26%,>95%,19%,2,19,12,0,0,<1,84%,37%,65%,35%,40%,14%,27%,63%,83%,83%,81%
2141,North Marion SD 15,Marion,Ginger Redlinger,1668,41%,14,35%,41%,12%,9,98,38,5,0,3,81%,40%,65%,26%,40%,14%,27%,73%,83%,80%,81%
2214,North Powder SD 8J,Union,Lance Dixon,262,10%,3,14%,>95%,9%,2,24,3,0,0,0,84%,70%,65%,32%,40%,35%,27%,93%,83%,80%,81%
2143,North Santiam SD 29J,Marion,Lee Loving,2068,12%,13,17%,40%,19%,11,130,43,4,0,0,73%,66%,65%,40%,40%,18%,27%,82%,83%,85%,81%
4131,North Wasco County SD 21,Wasco,Carolyn Bernal,2718,28%,10,16%,95%,20%,11,169,72,9,0,0,79%,45%,65%,26%,40%,14%,27%,81%,83%,67%,81%
2110,Nyssa SD 26,Malheur,Darren Johnson,1198,43%,4,14%,>95%,12%,8,76,31,3,0,0,91%,66%,65%,29%,40%,26%,27%,83%,83%,88%,81%
1990,Oakland SD 1,Douglas,Jeff Clark,578,*,4,18%,>95%,17%,4,39,10,3,0,0,60%,72%,65%,43%,40%,28%,27%,95%,83%,98%,81%
2093,Oakridge SD 76,Lane,Reta Doland,488,*,2,22%,>95%,24%,2,30,18,1,0,0,66%,37%,65%,19%,40%,<5%,27%,47%,83%,74%,81%
3477,ODE YCEP District,Marion,,252,17%,8,48%,>95%,71%,4,33,10,0,0,0,79%,*,65%,*,,*,,*,83%,31%,81%
2108,Ontario SD 8C,Malheur,Nicole Albisu,2263,19%,17,16%,>95%,17%,14,137,77,9,0,0,64%,78%,65%,26%,40%,26%,27%,91%,83%,87%,81%
1928,Oregon City SD 62,Clackamas,Dayle Spitzer,7115,10%,54,15%,93%,15%,31,388,124,21,1,8,84%,68%,65%,38%,40%,19%,27%,82%,83%,87%,81%
1926,Oregon Trail SD 46,Clackamas,Aaron Bayer,4286,11%,37,14%,>95%,13%,14,193,56,11,4,3,78%,68%,65%,49%,40%,39%,27%,83%,83%,88%,81%
2060,Paisley SD 11,Lake,Paul Hauder,206,*,2,18%,31%,11%,2,10,1,<1,0,<1,80%,>95%,65%,*,40%,*,27%,*,83%,86%,81%
2181,Parkrose SD 3,Multnomah,Michael Lopes-Serrao,2708,35%,41,15%,67%,17%,12,160,41,8,1,<1,75%,60%,65%,29%,40%,14%,27%,85%,83%,73%,81%
2207,Pendleton SD 16,Umatilla,Kevin Headings,2849,7%,25,16%,51%,17%,13,163,77,14,<1,0,73%,55%,65%,30%,40%,21%,27%,76%,83%,76%,81%
2192,Perrydale SD 21,Polk,Dan Dugan,291,*,2,9%,22%,9%,3,18,11,0,0,0,72%,82%,65%,32%,40%,15%,27%,>95%,83%,100%,81%
1900,Philomath SD 17J,Benton,Susan Halliday,1558,<5%,9,11%,22%,17%,10,101,42,7,1,<1,79%,76%,65%,50%,40%,33%,27%,91%,83%,90%,81%
2039,Phoenix-Talent SD 4,Jackson,Brent Barry,2251,24%,14,17%,>95%,19%,13,128,26,4,0,0,79%,73%,65%,28%,40%,12%,27%,91%,83%,92%,81%
2202,Pilot Rock SD 2,Umatilla,Troy Jerome,290,*,5,15%,>95%,12%,3,17,7,<1,0,0,94%,59%,65%,17%,40%,13%,27%,90%,83%,83%,81%
2016,Pine Creek SD 5,Harney,Katie Tracy,3,*,1,*,*,*,0,1,0,0,0,0,100%,*,65%,*,40%,*,27%,*,83%,*,81%
1897,Pine Eagle SD 61,Baker,Cammie deCastro,184,*,2,21%,58%,13%,2,16,6,0,0,0,71%,38%,65%,40%,40%,13%,27%,91%,83%,94%,81%
2047,Pinehurst SD 94,Jackson,Victoria Cutler,12,*,1,*,*,*,0,2,1,0,0,0,0%,*,65%,*,40%,*,27%,*,83%,*,81%
2081,Pleasant Hill SD 1,Lane,Malcom McCrae,941,<5%,4,15%,>95%,14%,6,54,15,3,0,<1,75%,70%,65%,48%,40%,16%,27%,>95%,83%,88%,81%
2062,Plush SD 18,Lake,Lane Stratton,9,*,2,*,*,*,0,1,0,0,0,0,100%,*,65%,*,40%,*,27%,*,83%,*,81%
1973,Port Orford-Langlois SD 2CJ,Curry,Steven Perkins,210,*,3,12%,>95%,20%,2,16,5,1,0,0,75%,61%,65%,20%,40%,14%,27%,91%,83%,91%,81%
2180,Portland SD 1J,Multnomah,Guadalupe Guerrero,44393,14%,103,17%,>95%,15%,210,2767,654,170,64,55,81%,71%,65%,56%,40%,38%,27%,90%,83%,84%,81%
1967,Powers SD 31,Coos,Matthew Shorb,115,*,1,15%,70%,23%,1,13,8,0,0,0,75%,52%,65%,*,40%,*,27%,91%,83%,50%,81%
2009,Prairie City SD 4,Grant,Casey Hallgarth,1236,<5%,6,13%,41%,64%,4,51,12,1,0,0,58%,84%,65%,51%,40%,22%,27%,66%,83%,94%,81%
2045,Prospect SD 59,Jackson,Daye Stone,218,*,1,19%,89%,24%,2,16,4,0,0,0,67%,67%,65%,20%,40%,5%,27%,88%,83%,64%,81%
1946,Rainier SD 13,Columbia,Joseph Hattrick,794,<5%,11,19%,38%,23%,4,48,18,2,0,<1,66%,52%,65%,18%,40%,15%,27%,61%,83%,60%,81%
1977,Redmond SD 2J,Deschutes,Charan Cline,6837,12%,23,13%,88%,17%,25,375,117,28,<1,7,81%,65%,65%,47%,40%,29%,27%,78%,83%,85%,81%
2001,Reedsport SD 105,Douglas,Jon Zwemke,609,<5%,3,19%,>95%,22%,3,37,24,0,0,1,62%,35%,65%,11%,40%,7%,27%,63%,83%,75%,81%
2182,Reynolds SD 7,Multnomah,Danna Diaz,9604,46%,90,16%,91%,21%,44,576,106,30,3,11,80%,50%,65%,19%,40%,11%,27%,65%,83%,57%,81%
1999,Riddle SD 70,Douglas,Dave Gianotti,341,*,2,19%,55%,16%,2,23,8,0,0,0,78%,59%,65%,33%,40%,*,27%,79%,83%,58%,81%
2188,Riverdale SD 51J,Multnomah,Chris Russo,572,*,15,11%,*,8%,3,39,5,3,1,0,66%,80%,65%,87%,40%,70%,27%,94%,83%,94%,81%
2044,Rogue River SD 35,Jackson,Patrick Lee,1010,*,4,15%,>95%,30%,8,63,31,0,0,0,63%,54%,65%,35%,40%,13%,27%,66%,83%,68%,81%
2142,Salem-Keizer SD 24J,Marion,Christy Perry,38720,34%,99,17%,>95%,15%,118,2068,1052,116,7,12,75%,50%,65%,26%,40%,21%,27%,78%,83%,81%,81%
2104,Santiam Canyon SD 129J,Linn,Todd Miller,3298,6%,24,18%,41%,31%,13,209,21,17,0,1,81%,67%,65%,37%,40%,28%,27%,69%,83%,56%,81%
1944,Scappoose SD 1J,Columbia,Timothy Porter,2182,<5%,12,16%,24%,14%,12,128,40,6,<1,2,79%,73%,65%,53%,40%,32%,27%,94%,83%,87%,81%
2103,Scio SD 95,Linn,Steve Martinelli,2038,<5%,12,15%,54%,34%,10,100,17,5,0,5,76%,76%,65%,50%,40%,28%,27%,80%,83%,80%,81%
1935,Seaside SD 10,Clatsop,Susan Penrod,1462,21%,10,15%,59%,16%,9,101,43,6,0,1,62%,54%,65%,32%,40%,8%,27%,79%,83%,77%,81%
2257,Sheridan SD 48J,Yamhill,Dorie Vickery,904,5%,7,15%,82%,25%,7,65,13,3,0,0,69%,36%,65%,16%,40%,7%,27%,77%,83%,80%,81%
2195,Sherman County SD,Sherman,Wes Owens,257,5%,2,19%,>95%,11%,1,21,5,0,0,0,82%,53%,65%,56%,40%,21%,27%,84%,83%,92%,81%
2244,Sherwood SD 88J,Washington,Jeremy Lyons,4868,7%,53,11%,11%,7%,17,255,83,13,0,3,89%,78%,65%,59%,40%,46%,27%,94%,83%,97%,81%
2138,Silver Falls SD 4J,Marion,Scott Drue,3530,12%,15,15%,95%,11%,17,204,100,9,2,1,87%,68%,65%,50%,40%,34%,27%,95%,83%,93%,81%
1978,Sisters SD 6,Deschutes,Curtiss Scholl,1115,5%,6,13%,24%,12%,6,73,16,4,0,<1,83%,72%,65%,64%,40%,29%,27%,>95%,83%,94%,81%
2096,Siuslaw SD 97J,Lane,Andy Grzeskowiak,1180,5%,7,15%,>95%,16%,8,86,26,6,1,0,67%,61%,65%,27%,40%,17%,27%,87%,83%,66%,81%
2022,South Harney SD 33,Harney,Stacey Moser,8,*,1,*,*,*,0,2,<1,0,0,0,100%,*,65%,*,40%,*,27%,*,83%,*,81%
2087,South Lane SD 45J3,Lane,Yvonne Curtis,2709,7%,6,19%,40%,20%,18,162,64,5,0,2,73%,74%,65%,31%,40%,24%,27%,80%,83%,69%,81%
1994,South Umpqua SD 19,Douglas,Kate McLaughlin,1429,<5%,4,18%,>95%,21%,8,89,34,2,0,0,59%,57%,65%,20%,40%,21%,27%,93%,83%,69%,81%
2225,South Wasco County SD 1,Wasco,Ryan Wraught,216,8%,2,19%,>95%,25%,2,15,5,1,0,0,81%,44%,65%,29%,40%,17%,27%,>95%,83%,91%,81%
2247,Spray SD 1,Wheeler,Glen Butler,65,*,7,*,>95%,*,<1,7,3,0,0,0,29%,91%,65%,*,40%,*,27%,*,83%,100%,81%
2083,Springfield SD 19,Lane,Todd Hamilton,9534,12%,38,18%,>95%,19%,49,525,262,12,<1,13,78%,62%,65%,36%,40%,19%,27%,75%,83%,75%,81%
1948,St Helens SD 502,Columbia,Scot Stockwell,2775,<5%,29,17%,33%,18%,12,157,48,8,3,2,81%,67%,65%,25%,40%,21%,27%,74%,83%,71%,81%
2144,St Paul SD 45,Marion,Joseph Wehrli,243,31%,2,7%,>95%,12%,2,23,3,1,0,0,73%,56%,65%,50%,40%,20%,27%,>95%,83%,96%,81%
2209,Stanfield SD 61,Umatilla,Beth Burton,519,26%,5,14%,>95%,11%,3,32,11,1,0,0,71%,75%,65%,50%,40%,<5%,27%,>95%,83%,92%,81%
2018,Suntex SD 10,Harney,Shannon Criss,4,*,*,*,*,*,0,1,<1,0,0,0,100%,*,65%,*,40%,*,27%,*,83%,*,81%
2003,Sutherlin SD 130,Douglas,Terry Prestianni,1329,<5%,32,18%,>95%,25%,7,81,33,5,0,0,71%,65%,65%,36%,40%,13%,27%,84%,83%,73%,81%
2102,Sweet Home SD 55,Linn,Terry Martin,2223,<5%,6,19%,94%,18%,12,123,68,4,0,<1,71%,68%,65%,32%,40%,27%,27%,85%,83%,82%,81%
2055,Three Rivers/Josephine County SD,Josephine,David Valenzuela,4425,<5%,24,14%,>95%,25%,29,238,170,7,0,0,74%,47%,65%,35%,40%,10%,27%,71%,83%,77%,81%
2242,Tigard-Tualatin SD 23J,Washington,Susan Rieke-Smith,11731,23%,74,12%,28%,13%,37,695,167,28,1,11,84%,68%,65%,47%,40%,29%,27%,90%,83%,88%,81%
2197,Tillamook SD 9,Tillamook,Curt Shelley,2096,15%,14,17%,56%,12%,9,139,63,6,0,2,59%,58%,65%,30%,40%,24%,27%,89%,83%,82%,81%
2222,Troy SD 54,Wallowa,Rebecca Nordtvedt,2,*,1,*,*,*,<1,1,0,0,0,0,100%,*,65%,*,40%,*,27%,*,83%,*,81%
2210,Ukiah SD 80R,Umatilla,Jim Reger,23,*,1,*,*,*,<1,5,<1,0,0,0,100%,*,65%,*,40%,*,27%,*,83%,100%,81%
2204,Umatilla SD 6R,Umatilla,Heidi Sipe,1357,54%,6,11%,>95%,20%,8,89,29,3,0,1,64%,61%,65%,14%,40%,11%,27%,87%,83%,81%,81%
2213,Union SD 5,Union,Carter Wells,333,*,2,11%,80%,19%,2,25,10,0,0,0,76%,61%,65%,54%,40%,7%,27%,83%,83%,94%,81%
2116,Vale SD 84,Malheur,Alisha McBride,857,13%,4,15%,>95%,12%,5,58,23,2,0,0,88%,66%,65%,43%,40%,53%,27%,94%,83%,97%,81%
1947,Vernonia SD 47J,Columbia,Jim Helmen,554,*,10,18%,49%,15%,5,34,19,2,0,<1,54%,44%,65%,26%,40%,<5%,27%,72%,83%,73%,81%
2220,Wallowa SD 12,Wallowa,Tamera Jones,196,*,2,17%,>95%,16%,2,20,1,0,0,0,78%,>95%,65%,53%,40%,18%,27%,86%,83%,90%,81%
1936,Warrenton-Hammond SD 30,Clatsop,Tom Rogozinski,996,9%,7,17%,62%,13%,9,60,23,3,0,0,72%,65%,65%,23%,40%,33%,27%,81%,83%,71%,81%
1922,West Linn-Wilsonville SD 3J,Clackamas,Kathy Ludwig,9087,8%,73,12%,>95%,8%,34,498,130,26,3,6,84%,75%,65%,56%,40%,40%,27%,83%,83%,95%,81%
2255,Willamina SD 30J,Yamhill,Carrie Zimbrick,852,<5%,2,21%,>95%,20%,5,52,23,0,0,0,83%,57%,65%,15%,40%,5%,27%,86%,83%,83%,81%
2002,Winston-Dillard SD 116,Douglas,Kimberly Kellison,1374,<5%,15,17%,>95%,22%,7,87,34,4,0,0,53%,54%,65%,26%,40%,7%,27%,66%,83%,66%,81%
2146,Woodburn SD 103,Marion,Joseph Morelock,5232,69%,27,14%,>95%,17%,21,297,106,14,7,5,76%,43%,65%,9%,40%,12%,27%,64%,83%,75%,81%
2251,Yamhill Carlton SD 1,Yamhill,Clint Raever,1016,<5%,14,14%,23%,15%,7,54,19,2,0,0,74%,79%,65%,41%,40%,11%,27%,93%,83%,81%,81%
1997,Yoncalla SD 32,Douglas,Brian Berry,253,*,2,18%,>95%,22%,3,21,12,0,0,0,68%,17%,65%,27%,40%,<5%,27%,87%,83%,78%,81%
